sku,national_inv,lead_time,in_transit_qty,forecast_3_month,forecast_6_month,forecast_9_month,sales_1_month,sales_3_month,sales_6_month,sales_9_month,min_bank,potential_issue,pieces_past_due,perf_6_month_avg,perf_12_month_avg,local_bo_qty,deck_risk,oe_constraint,ppap_risk,stop_auto_buy,rev_stop,went_on_backorder
1475763,122.0,8.0,24.0,96.0,144.0,216.0,8484.0,101.0,182.0,272.0,51.0,No,0.0,0.9800000190734863,0.9800000190734863,0.0,No,No,No,Yes,No,No
1475789,122.0,8.0,-1.0,96.0,144.0,216.0,8484.0,101.0,182.0,272.0,51.0,No,0.0,0.9800000190734863,0.9800000190734863,0.0,No,No,No,Yes,No,No
1478096,21.0,12.0,0.0,0.0,0.0,0.0,1.0,3.0,5.0,8.0,0.0,No,0.0,0.6299999952316284,0.7200000286102295,0.0,No,No,No,Yes,No,No
1475767,122.0,8.0,24.0,96.0,144.0,216.0,8484.0,101.0,182.0,272.0,51.0,No,0.0,0.9800000190734863,0.9800000190734863,0.0,No,No,No,Yes,No,No
1477213,873.0,9.0,46.0,0.0,207.0,492.0,88.0,395.0,921.0,1314.0,114.0,No,0.0,0.8600000143051147,0.8399999737739563,0.0,No,No,No,Yes,No,No
1475788,122.0,-1.0,24.0,96.0,144.0,216.0,8484.0,101.0,182.0,272.0,51.0,No,0.0,0.9800000190734863,0.9800000190734863,0.0,No,No,No,Yes,No,No
1483247,1121.0,8.0,0.0,0.0,0.0,0.0,233.0,321.0,342.0,360.0,5.0,No,0.0,0.9300000071525574,0.9100000262260437,0.0,No,No,No,Yes,No,No
